country,Region,Employment: Industry (% of employed),Education: Primary gross enrol. ratio (male per 100 pop.),Education: Primary gross enrol. ratio (female per 100 pop.),"Population age distribution (60+ years, %)","Population age distribution (0-14 years, %)","Pop. using improved sanitation facilities (rural, %)","Pop. using improved sanitation facilities (urban, %)","Pop. using improved drinking water (rural, %)","Pop. using improved drinking water (urban, %)","Life expectancy at birth (males, years)","Life expectancy at birth (females, years)",Education: Tertiary gross enrol. ratio (male per 100 pop.),Education: Tertiary gross enrol. ratio (female per 100 pop.),Education: Secondary gross enrol. ratio (male per 100 pop.),Education: Secondary gross enrol. ratio (female per 100 pop.),Infant mortality rate (per 1000 live births,GDP per capita (current US$),Employment: Agriculture (% of employed),Employment: Services (% of employed),Individuals using the Internet (per 100 inhabitants),"Fertility rate, total (live births per woman)",Urban population (% of total population),Economy: Agriculture (% of GVA),happiness.score
Afghanistan,SouthernAsia,17.0,122.7,83.5,4.0,44.9,24.005882352941175,33.2,20.4,32.4,60.9,63.8,52.6,27.099999999999998,65.90000000000002,36.8,60.1,544.0,47.1,35.8,8.3,5.400000000000001,24.8,27.3,3.5750000000000006
Albania,SouthernEurope,18.6,104.0,107.3,17.9,18.7,50.1,43.49999999999999,58.87058823529412,85.39999999999999,75.2,80.0,99.6,89.6,99.5,95.10000000000001,9.2,3939.0,41.4,40.0,63.300000000000004,1.7,57.4,22.5,4.959
Algeria,NorthernAfrica,30.999999999999996,118.69999999999999,112.99999999999999,8.9,28.7,23.1,17.0,65.9,79.5,74.4,76.7,75.46470588235294,83.08823529411765,88.32352941176472,92.31176470588237,24.899999999999995,4178.0,10.3,58.7,38.2,3.0,70.8,12.100000000000001,5.605
Angola,MiddleAfrica,8.6,121.1,105.9,3.6,47.1,17.488235294117647,33.4,37.01176470588235,66.81176470588235,55.2,60.5,23.64117647058824,15.976470588235298,53.41764705882352,40.84705882352941,78.2,4167.0,50.6,40.8,12.399999999999999,6.0,63.39999999999999,9.099999999999998,4.033
Argentina,SouthAmerica,23.7,111.40000000000002,111.2,14.9,25.2,65.99411764705883,46.7,77.46470588235294,91.35882352941175,72.2,79.0,79.4,91.1,103.8,110.19999999999999,12.100000000000001,14971.0,0.3,76.1,68.0,2.3,91.5,6.1,6.573999999999999
Armenia,WesternAsia,15.9,94.3,95.8,15.800000000000002,20.1,65.82941176470588,62.0,78.25882352941177,90.77058823529411,70.6,77.0,85.3,95.0,84.0,88.3,13.2,3607.0000000000005,35.3,48.8,59.10000000000001,1.7,63.1,18.9,4.35
Australia,Oceania,19.4,101.6,101.6,20.2,18.9,93.52941176470588,95.89411764705883,97.61176470588236,99.0,80.3,84.5,239.8,202.7,167.9,145.9,3.6000000000000005,52131.00000000001,2.6,78.0,84.6,1.8999999999999997,85.7,2.6,7.284
Austria,WesternEurope,25.8,102.4,101.5,24.3,14.1,99.19999999999999,100.0,98.7470588235294,99.46470588235294,78.40000000000002,83.5,103.6,97.3,102.1,98.5,3.3,43995.0,4.5,69.7,83.9,1.4,57.7,1.3,7.2
Azerbaijan,WesternAsia,14.1,107.4,105.60000000000001,9.3,22.9,45.23529411764706,12.4,72.2,95.5,68.6,74.6,84.21176470588235,88.57647058823528,89.92941176470589,91.84117647058824,31.4,5516.0,36.4,49.6,77.0,2.1,54.7,6.7,5.212
Bahrain,WesternAsia,35.2,100.7,101.69999999999999,4.1,20.8,81.78235294117647,77.6470588235294,88.75294117647059,96.04117647058824,75.6,77.5,101.5,104.2,102.5,101.8,6.9,22689.0,1.1,63.8,93.5,2.1,89.0,0.3,5.96
Bangladesh,SouthernAsia,19.9,103.79411764705883,104.18823529411766,7.2,29.3,34.5,32.099999999999994,61.2,46.9,69.4,72.4,50.3,49.8,61.8,69.7,33.2,1245.0,43.5,36.599999999999994,14.4,2.2,34.3,15.3,4.694
Belarus,EasternEurope,31.1,99.10000000000001,99.20000000000002,20.4,16.3,55.10000000000001,82.1,90.14117647058823,97.15882352941176,66.8,78.0,115.9,110.1,106.3,104.6,3.4,5981.0,9.7,59.2,62.2,1.6,77.2,7.2,5.813
Belgium,WesternEurope,21.4,103.2,103.10000000000001,24.0,17.0,94.32941176470588,96.57058823529411,99.59411764705882,99.44705882352942,78.0,83.0,142.8,168.7,153.6,174.7,3.5,40942.0,1.2,77.4,85.1,1.8000000000000003,97.9,0.8,6.937
Benin,WesternAfrica,18.6,137.2,127.60000000000001,5.0,42.99999999999999,18.435294117647057,32.082352941176474,37.92941176470588,65.21176470588236,58.5,61.4,51.5,25.8,68.5,48.9,67.7,1076.0,41.2,40.2,11.3,5.200000000000001,45.699999999999996,28.7,3.34
Bhutan,SouthernAsia,9.7,103.7,104.79999999999998,8.1,27.4,64.5,60.400000000000006,27.200000000000003,48.9,69.2,69.6,69.1,67.4,81.3,86.8,30.5,2753.0,58.0,32.4,39.8,2.1,38.699999999999996,15.1,5.253
Bolivia,SouthAmerica,22.5,96.9,94.9,9.5,32.4,55.73529411764705,53.3,49.4,77.16470588235293,66.7,71.89999999999999,87.7,88.0,92.00000000000001,90.7,32.4,3036.0,27.8,49.6,35.6,3.1,68.4,12.6,5.89
Bosnia and Herzegovina,SouthernEurope,30.6,101.23529411764706,101.36470588235294,21.5,15.2,45.84117647058824,19.4,64.3764705882353,85.74117647058823,74.1,78.9,95.78235294117648,98.77647058823528,98.91764705882356,99.78823529411764,6.9,4727.0,17.5,51.9,52.599999999999994,1.3,47.2,7.3,4.949
Botswana,SouthernAfrica,18.3,104.39999999999999,102.1,6.2,34.9,55.81764705882353,65.01176470588236,73.94705882352942,83.4,61.79999999999999,67.0,43.12352941176471,49.9764705882353,80.28823529411764,85.01764705882353,35.5,6800.0,22.3,59.5,37.3,3.0,67.2,2.4,4.332
Brazil,SouthAmerica,22.2,115.7,111.0,12.0,22.4,57.85294117647059,46.1,62.900000000000006,85.1,70.7,78.0,84.8,99.3,97.9,103.4,15.8,8814.0,10.2,67.6,58.3,1.8000000000000003,85.8,5.0,6.983
Bulgaria,EasternEurope,29.9,94.69999999999999,93.7,27.0,14.300000000000002,52.2,66.3,92.55882352941177,96.40588235294119,70.8,77.8,114.1,111.79999999999998,103.9,100.6,8.3,7032.000000000001,6.9,63.2,56.7,1.5,74.0,4.7,4.218
Burkina Faso,WesternAfrica,32.0,89.5,87.2,3.8,45.6,20.10588235294118,40.082352941176474,51.823529411764696,76.88823529411765,58.0,59.3,16.1,10.6,35.1,32.3,64.7,652.9999999999999,29.1,38.9,13.999999999999998,5.6,27.499999999999996,24.899999999999995,3.587
Burundi,EasternAfrica,1.6,129.0,132.8,3.7,45.49999999999999,22.641176470588235,32.38823529411764,40.98235294117647,72.28235294117646,57.1,60.7,30.4,22.6,45.79999999999999,42.9,52.3,277.0,92.00000000000001,6.4,4.9,6.0,12.1,37.5,2.905
Cambodia,South-easternAsia,24.9,117.5,116.7,6.8,31.6,43.44705882352941,47.06470588235294,16.4,54.2,65.5,69.6,44.89999999999999,44.01764705882353,60.9235294117647,59.15882352941177,29.999999999999996,1163.0,42.5,32.6,6.4,2.7,22.2,28.2,3.8190000000000004
Cameroon,MiddleAfrica,14.300000000000002,122.4,109.90000000000002,4.3,43.2,19.63529411764706,37.352941176470594,36.04117647058824,63.46470588235295,54.9,57.7,49.0,39.7,63.6,54.4,70.7,1326.0,46.49999999999999,39.099999999999994,20.7,5.0,54.6,16.1,4.252
Canada,NorthernAmerica,19.9,102.1,102.9,22.3,16.0,82.5,82.9,99.59411764705882,99.61764705882351,79.7,83.9,118.2,119.90000000000002,109.9,110.90000000000002,4.599999999999999,43194.0,1.6,78.4,90.0,1.6,81.3,2.0,7.427
Chad,MiddleAfrica,2.4,103.7,79.4,3.8999999999999995,47.8,4.0,27.7,2.3,16.8,50.9,53.7,25.3,9.0,30.9,13.9,84.1,828.0000000000001,77.0,20.7,3.4999999999999996,6.3,22.5,29.5,3.667
Chile,SouthAmerica,23.3,102.2,99.1,15.3,20.6,80.48823529411766,73.3,92.75294117647057,98.7,76.3,82.1,99.1,101.0,101.5,102.1,7.200000000000001,13574.0,9.4,67.3,76.6,1.8999999999999997,87.4,4.0,6.67
China,EasternAsia,29.2,96.2,96.40000000000002,15.0,18.1,29.499999999999996,70.7,71.20588235294117,93.1,73.09999999999998,77.5,77.4,81.1,92.68823529411763,93.34117647058824,12.3,7862.999999999999,28.6,42.20000000000001,50.3,1.6,55.50000000000001,8.7,5.14
Hong Kong,EasternAsia,12.0,109.3,111.2,21.8,11.2,97.6764705882353,86.0,99.04705882352941,99.99999999999999,80.5,86.4,99.2,97.9,103.1,101.4,1.6,43054.0,0.2,87.8,84.9,1.2,100.0,0.1,5.474
Colombia,SouthAmerica,19.8,116.99999999999999,113.4,11.5,24.5,45.04705882352941,16.0,38.6,81.1,73.09999999999998,78.9,72.0,85.2,91.50000000000001,98.10000000000001,14.400000000000002,6176.0,16.0,64.2,55.9,1.8999999999999997,79.8,6.6000000000000005,6.476999999999999
Comoros,EasternAfrica,13.4,114.71176470588235,107.15882352941176,4.7,40.099999999999994,21.47647058823529,35.09411764705883,43.976470588235294,70.76470588235294,61.2,64.5,21.7,15.341176470588238,45.417647058823526,37.77647058823529,58.1,1242.0,51.8,34.8,7.5,4.6000000000000005,28.5,31.7,3.956
Congo (Brazzaville),MiddleAfrica,23.0,101.48235294117647,98.06470588235294,4.2,42.199999999999996,22.970588235294116,42.05882352941176,17.0,58.5,60.5,62.7,31.852941176470587,25.535294117647062,47.9764705882353,39.91176470588235,41.4,2420.0,35.0,42.0,7.6,4.7,65.5,6.3,3.989
Costa Rica,CentralAmerica,19.2,111.60000000000001,111.0,12.6,22.1,36.6,30.7,79.9,80.3,76.7,81.7,99.9,118.2,120.4,125.30000000000001,9.3,11299.0,12.3,68.5,59.79999999999999,1.8999999999999997,76.9,5.4,7.226
Ivory Coast,WesternAfrica,12.1,96.39999999999999,84.9,4.6,42.599999999999994,21.700000000000003,37.976470588235294,15.2,55.10000000000001,53.5,55.9,32.4,21.6,49.89999999999999,35.1,67.5,1970.9999999999998,43.6,44.39999999999999,38.4,5.0,49.400000000000006,19.8,3.655
Croatia,SouthernEurope,26.699999999999996,100.6,100.6,26.3,14.500000000000002,91.01764705882353,84.0,95.62352941176472,93.5,74.2,80.6,89.8,94.4,96.5,101.0,4.3,11701.0,9.2,64.1,69.8,1.5,56.199999999999996,3.6,5.759
Cyprus,WesternAsia,16.2,99.3,99.3,17.7,16.9,93.24117647058823,86.3,96.43529411764705,98.65882352941176,77.70000000000002,82.2,100.3,99.6,100.1,99.40000000000002,4.2,23323.0,4.0,79.8,71.7,1.4,66.9,2.1,5.689
Czech Republic,EasternEurope,38.0,99.3,99.7,24.9,15.1,90.48235294117646,94.58235294117647,97.7,98.00000000000001,75.1,81.2,108.0,110.2,104.60000000000001,105.6,2.5,17737.0,2.9,59.0,75.7,1.5,73.5,2.5,6.505
Congo (Kinshasa),MiddleAfrica,9.5,108.4,107.6,4.7,46.29999999999999,14.199999999999998,16.2,0.9,37.0,56.7,59.5,47.6,29.499999999999996,56.300000000000004,36.0,73.1,496.99999999999994,67.0,23.5,3.8,6.4,42.699999999999996,19.699999999999996,4.517
Denmark,NorthernEurope,19.3,102.1,100.8,24.8,16.8,94.24705882352941,96.92352941176472,99.62941176470588,99.61764705882351,78.1,82.2,137.6,148.1,127.29999999999998,133.4,3.5,53205.99999999999,2.5,78.2,96.3,1.7,87.5,1.1,7.527
Djibouti,EasternAfrica,12.3,67.9,72.8,6.5,30.6,18.2,38.39999999999999,49.741176470588236,70.2,60.0,63.2,41.9,37.2,48.0,45.3,55.7,2676.0,36.5,51.2,11.9,3.1,77.4,1.3,4.369
Dominican Republic,Caribbean,18.5,116.4,106.2,9.6,28.800000000000004,64.88235294117648,66.25882352941177,71.19411764705883,86.40588235294118,69.6,75.9,70.0,80.5,76.2,83.8,27.5,6921.0,10.0,71.5,54.2,2.5,78.6,5.9,4.885
Ecuador,SouthAmerica,19.7,107.4,107.9,9.8,29.1,55.5,33.699999999999996,50.300000000000004,74.0,72.8,78.49999999999999,93.3,98.5,102.0,106.2,15.099999999999998,6124.0,26.2,54.099999999999994,48.9,2.6,63.39999999999999,10.2,5.975
Egypt,NorthernAfrica,25.1,106.61176470588235,105.1294117647059,7.7,33.3,57.699999999999996,69.7,63.05882352941177,82.79411764705883,68.7,73.1,45.1,50.194117647058825,76.92941176470589,78.98823529411764,18.9,3437.0000000000005,25.799999999999997,49.1,37.8,3.4999999999999996,42.79999999999999,11.3,4.194
El Salvador,CentralAmerica,22.2,104.8,100.4,11.0,28.4,43.311764705882354,17.6,49.42352941176471,79.2,67.0,76.29999999999998,55.9,58.6,75.0,75.6,17.7,3705.9999999999995,18.1,59.7,26.8,2.2,69.7,6.1,6.13
Estonia,NorthernEurope,30.7,97.1,97.09999999999998,25.1,16.1,80.3,90.00588235294117,94.42941176470588,97.64117647058826,71.9,81.2,113.1,116.09999999999998,111.3,110.80000000000001,3.2,17523.0,3.9,65.4,88.4,1.6,68.4,3.3000000000000003,5.429
Ethiopia,EasternAfrica,9.1,105.8,96.1,5.2,42.199999999999996,3.4000000000000004,15.000000000000002,3.1999999999999997,38.0,61.9,65.5,17.7,17.4,35.6,34.2,45.8,626.0,69.1,21.800000000000004,13.899999999999999,4.900000000000001,19.4,38.8,4.512
Finland,NorthernEurope,21.7,100.8,100.3,27.0,16.4,93.89411764705883,96.97058823529413,98.63529411764705,99.4235294117647,77.70000000000002,83.7,181.8,210.2,142.9,157.5,2.1,42772.0,4.2,74.1,86.4,1.8000000000000003,85.2,2.6,7.406000000000001
France,WesternEurope,20.4,102.3,101.69999999999999,25.0,18.4,97.21764705882353,97.33529411764707,98.91764705882352,99.4,78.7,85.0,105.4,108.59999999999998,102.9,103.9,3.5,36612.0,2.7,76.9,78.0,2.0,79.7,1.8,6.575
Gabon,MiddleAfrica,10.6,103.65882352941178,102.5529411764706,5.4,36.3,30.7,47.43529411764706,53.96470588235294,78.23529411764706,61.9,64.8,41.92941176470588,46.0235294117647,71.52352941176471,72.59411764705882,41.9,7379.0,34.9,54.5,45.8,4.1,88.1,4.7,3.896
Georgia,WesternAsia,11.0,102.69999999999999,102.80000000000001,20.1,19.0,47.5,29.600000000000005,39.9,84.0,67.8,76.8,92.9,97.6,98.1,100.8,12.9,3715.9999999999995,44.0,44.9,47.6,2.0,57.4,8.8,4.297
Germany,WesternEurope,27.7,101.70000000000002,101.6,27.5,13.2,91.4,98.5,98.85294117647057,99.60588235294117,77.9,82.9,106.7,96.0,101.1,96.40000000000002,3.4,41036.0,1.4,70.9,87.6,1.4,77.2,0.8,6.75
Ghana,WesternAfrica,18.7,108.4,108.30000000000001,4.8,38.2,11.2,10.8,10.9,51.89999999999999,60.9,62.7,50.9,45.8,69.6,66.1,44.8,1766.0,35.2,46.099999999999994,24.999999999999996,4.2,54.10000000000001,22.1,4.633
Greece,SouthernEurope,14.9,100.00000000000001,99.1,26.5,14.600000000000001,93.0,94.0,97.1764705882353,98.9,78.5,83.7,109.1,99.4,105.8,98.4,3.3,18323.0,12.899999999999999,72.2,66.8,1.3,78.0,4.4,4.857
Guatemala,CentralAmerica,18.9,103.1,99.9,6.7,36.2,55.79411764705882,54.735294117647065,44.0,64.5,69.2,75.6,36.1,37.2,55.800000000000004,52.6,26.9,3826.0,31.9,49.199999999999996,28.8,3.2,50.0,10.600000000000001,6.123
Guinea,WesternAfrica,5.4,109.80588235294118,101.61764705882351,4.7,45.0,20.270588235294117,35.31764705882353,47.64117647058824,76.32352941176471,57.5,58.4,16.758823529411764,10.182352941176472,44.98235294117647,34.31764705882353,65.7,768.9999999999999,64.9,29.7,8.2,5.1,35.1,20.1,3.656
Haiti,Caribbean,7.1,102.21176470588235,98.60588235294118,7.1,34.4,27.241176470588236,48.01764705882353,51.90588235294118,74.9,59.3,63.5,26.53529411764706,21.729411764705887,53.82941176470588,48.43529411764706,61.0,781.0,30.300000000000004,62.6,12.2,3.3,52.39999999999999,17.3,4.518
Honduras,CentralAmerica,21.8,92.99999999999999,92.5,6.5,33.7,64.0,34.49999999999999,18.0,67.86470588235294,71.6,76.29999999999998,32.5,43.9,46.2,55.400000000000006,18.4,2302.0,28.700000000000003,49.5,27.1,2.7,55.2,12.6,4.788
Hungary,EasternEurope,30.3,102.5,102.20000000000002,25.0,14.400000000000002,77.2,88.3,88.9,93.99999999999999,71.6,78.70000000000002,105.4,107.59999999999998,102.7,103.3,5.0,12791.0,4.9,64.8,72.8,1.3,70.5,4.5,4.8
Iceland,NorthernEurope,17.8,98.7,98.6,19.1,20.3,93.61176470588235,96.14117647058825,99.47647058823529,99.58823529411765,80.6,83.8,131.7,132.9,118.60000000000001,119.6,1.6,52655.0,4.2,77.9,98.2,2.0,93.7,5.9,7.560999999999999
India,SouthernAsia,24.1,102.79999999999998,114.8,8.9,28.4,36.8,33.4,50.7,70.48235294117647,66.7,69.0,64.2,62.60000000000001,73.1,74.7,39.1,1639.0000000000002,45.7,30.299999999999997,17.0,2.4,32.79999999999999,17.7,4.565
Indonesia,South-easternAsia,22.0,107.4,104.40000000000002,8.5,27.5,62.97647058823528,65.04705882352941,61.22352941176471,80.12352941176472,67.9,72.2,77.8,74.4,86.0,86.3,25.0,3332.0,33.0,44.9,22.1,2.5,53.3,13.9,5.399
Iran,SouthernAsia,32.5,105.7,112.3,8.9,23.9,67.57058823529411,83.84117647058824,85.6,95.99999999999999,74.0,76.2,48.55294117647059,54.91176470588236,88.7,83.0,15.199999999999998,5012.0,18.0,49.4,45.3,1.8999999999999997,73.4,10.600000000000001,4.686
Iraq,WesternAsia,22.8,106.16470588235293,104.27058823529411,5.1,39.3,43.3,40.099999999999994,42.8,63.7,67.2,71.6,70.98235294117647,78.79411764705883,82.7764705882353,86.9470588235294,28.500000000000004,4688.0,19.4,57.900000000000006,58.0,4.3,69.9,4.2,4.677
Ireland,NorthernEurope,18.1,101.4,101.0,17.9,21.899999999999995,70.7,84.2,99.47647058823529,99.49411764705881,78.7,82.5,133.7,141.5,115.4,118.70000000000002,3.4,62660.00000000001,5.3,76.6,83.5,2.0,62.50000000000001,1.0,6.94
Israel,WesternAsia,17.6,105.30000000000001,106.0,15.800000000000002,27.9,89.2,91.3,99.4,99.49999999999999,80.0,83.7,101.0,102.6,103.2,104.20000000000002,3.4,37578.0,1.0,81.4,77.4,3.0,92.2,1.3,7.278
Italy,SouthernEurope,26.6,100.6,100.2,28.0,13.7,94.3,96.40000000000002,97.7176470588235,99.13529411764706,79.9,84.7,100.2,100.9,102.4,102.1,3.0000000000000004,30306.0,3.8,69.6,58.1,1.4,69.6,2.3,5.948
Jamaica,Caribbean,14.9,107.76470588235294,105.16470588235295,11.9,24.6,67.49411764705881,64.68823529411765,67.68235294117648,85.17058823529412,72.5,75.5,74.0,78.6,78.2,83.8,14.899999999999999,4911.0,17.7,67.3,42.2,2.1,54.8,7.2,5.709
Japan,EasternAsia,25.0,103.0764705882353,103.19411764705883,32.8,13.0,97.78235294117647,99.16470588235295,99.15294117647059,99.93529411764706,80.1,86.5,86.90588235294118,95.80588235294117,116.91764705882353,121.09411764705881,2.2,34297.0,3.6000000000000005,71.4,91.1,1.4,91.4,1.1,5.987
Jordan,WesternAsia,25.4,103.93529411764706,101.84705882352942,5.5,36.0,76.57647058823528,84.0,86.19411764705882,92.07058823529412,72.2,75.5,53.952941176470596,63.57058823529412,87.19999999999999,89.68235294117648,17.1,4164.0,3.2999999999999994,71.3,60.1,3.4,90.3,4.9,5.191999999999999
Kazakhstan,CentralAsia,20.6,111.50000000000001,111.7,10.7,26.700000000000003,73.07058823529411,91.0,81.84705882352941,94.1764705882353,64.3,73.9,99.8,109.0,108.5,112.2,14.1,10493.0,18.0,61.400000000000006,70.8,2.7,57.2,5.0,5.855
Kenya,EasternAfrica,6.7,103.7,103.6,3.6,41.4,29.0,40.21176470588236,38.452941176470596,58.3,60.6,65.2,20.641176470588235,15.923529411764706,46.858823529411765,40.023529411764706,41.6,1337.0,57.3,35.99999999999999,16.6,4.1,25.7,32.2,4.419
Kuwait,WesternAsia,24.8,100.99999999999999,104.3,4.2,21.2,84.39411764705882,80.82941176470587,87.01764705882353,95.73529411764706,74.1,75.9,68.48823529411764,78.17647058823529,94.89999999999999,101.0,8.2,29873.999999999996,2.2,73.0,72.0,2.1,100.0,0.5,6.295000000000001
Kyrgyzstan,CentralAsia,20.9,105.8,105.00000000000001,7.0,31.5,95.8,83.7,52.7,90.6,66.4,74.3,79.2,84.4,90.5,91.7,19.5,1121.0,29.3,49.8,30.2,3.3,35.79999999999999,15.4,5.286
Laos,South-easternAsia,10.6,116.6,111.3,6.1,33.6,50.7,60.9,11.0,25.8,63.7,67.3,47.8,42.6,66.1,60.7,47.0,2135.0,65.9,23.5,18.2,2.9,33.099999999999994,19.699999999999996,4.876
Latvia,NorthernEurope,23.6,99.4,99.4,25.6,15.1,73.94117647058823,83.79999999999998,95.03529411764706,97.0,69.0,78.8,122.9,121.4,113.5,111.2,5.2,13636.0,7.9,68.4,79.2,1.5,68.0,4.0,5.098
Lebanon,WesternAsia,23.5,106.79411764705881,105.4470588235294,9.6,27.3,78.27058823529413,85.53529411764706,86.15882352941176,95.35294117647058,76.9,80.6,66.57647058823531,74.30588235294117,91.1058823529412,91.89411764705883,9.6,7645.0,14.400000000000002,62.099999999999994,74.0,2.1,88.1,3.6,4.839
Lesotho,SouthernAfrica,42.9,119.60000000000001,113.7,7.2,33.4,40.0,34.0,6.9,68.5,45.2,51.3,39.9,53.60000000000001,51.800000000000004,69.7,65.4,1152.0,9.4,47.7,24.999999999999996,3.3,26.899999999999995,4.2,4.898000000000001
Liberia,WesternAfrica,11.0,100.3,90.2,5.0,42.1,17.041176470588237,34.635294117647064,45.32352941176471,69.05294117647058,59.3,62.2,34.5,25.3,42.8,32.9,60.1,596.9999999999999,44.2,44.9,33.0,4.8,49.8,69.5,4.571
Libya,NorthernAfrica,22.3,106.66470588235295,104.20588235294119,6.3,28.9,61.11764705882353,57.81176470588237,57.27647058823529,78.83529411764705,68.9,74.9,58.752941176470586,65.98823529411764,84.55882352941177,88.46470588235296,13.0,2752.0,20.3,57.4,19.0,2.5,79.3,0.9,5.754
Lithuania,NorthernEurope,25.1,102.2,101.9,24.5,14.600000000000001,81.7,95.39999999999999,96.93529411764706,98.8,68.5,79.3,119.6,114.0,109.8,105.39999999999999,4.4,14126.999999999998,9.1,65.9,71.4,1.6,67.2,3.8,5.833
Luxembourg,WesternEurope,12.5,99.00000000000001,98.90000000000002,19.1,16.4,88.4,96.40000000000002,98.0,99.7,78.8,83.5,92.0,97.3,100.5,104.20000000000002,3.4,101889.0,1.0,86.4,96.4,1.5,90.2,0.2,6.946
Madagascar,EasternAfrica,8.4,147.3,147.3,4.6,41.6,6.599999999999999,12.7,8.7,33.0,63.0,66.0,23.8,22.1,38.7,38.3,36.8,467.0,66.4,25.100000000000005,4.2,4.4,35.199999999999996,27.0,3.681
Malawi,EasternAfrica,14.000000000000002,144.9,147.9,4.0,45.099999999999994,22.2,26.799999999999997,42.1,69.07647058823528,56.6,62.5,24.7,20.6,42.60000000000001,38.9,52.6,384.0,45.6,40.4,5.3,4.900000000000001,16.3,32.4,4.292
Malaysia,South-easternAsia,27.5,103.50000000000001,104.1,9.3,25.1,73.30588235294118,75.43529411764706,77.73529411764706,92.19411764705882,73.0,77.2,76.2,86.9,81.4,88.7,6.4,9955.0,12.499999999999998,60.00000000000001,71.1,2.1,74.2,8.4,5.77
Mali,WesternAfrica,8.3,79.7,71.5,4.0,47.9,21.4,9.0,33.07058823529412,64.82352941176471,55.6,56.9,35.0,24.1,46.49999999999999,36.8,78.5,751.0,62.29999999999999,29.5,10.3,6.4,40.0,39.8,3.9950000000000006
Malta,SouthernEurope,20.0,102.79999999999998,104.3,25.4,14.2,96.84117647058824,98.11176470588236,98.29411764705883,99.9,79.4,83.4,85.1,95.0,92.1,97.8,5.5,24702.0,1.5,78.5,76.0,1.4,94.4,1.2,6.302
Mauritania,WesternAfrica,12.5,102.0,107.0,4.9,40.49999999999999,20.741176470588236,42.11176470588235,47.22941176470589,74.86470588235292,61.4,65.0,23.0,20.0,32.5,30.3,58.9,1524.0,53.8,33.7,15.2,4.900000000000001,51.1,23.0,4.436
Mauritius,EasternAfrica,26.6,102.0,103.8,15.4,19.4,71.09411764705882,77.43529411764706,91.18235294117648,96.70588235294117,70.7,77.7,82.8,91.9,95.3,99.5,12.000000000000002,9284.0,6.9,66.5,50.10000000000001,1.5,40.99999999999999,3.6,5.477
Mexico,CentralAmerica,25.2,106.7,106.5,10.0,27.6,61.582352941176474,47.2,68.66470588235293,84.83529411764707,72.0,77.9,72.0,73.3,97.6,104.10000000000001,15.199999999999998,9606.0,13.4,61.400000000000006,57.4,2.3,79.3,3.4,7.187
Mongolia,EasternAsia,20.3,101.3,99.4,6.2,28.9,41.1,52.0,8.1,37.7,64.5,72.7,87.1,92.2,81.03529411764706,84.20588235294117,22.8,3919.0,28.5,51.300000000000004,22.5,2.8,68.2,14.5,4.874
Montenegro,SouthernEurope,17.5,95.3,95.5,20.3,18.5,37.9,42.199999999999996,74.13529411764706,87.2,73.6,78.49999999999999,87.2,88.3,92.00000000000001,93.5,4.3,6464.999999999999,7.7,74.8,68.1,1.7,65.8,9.8,5.191999999999999
Morocco,NorthernAfrica,21.7,112.3,106.6,9.9,27.7,47.91764705882352,40.3,44.6,89.8,73.7,76.29999999999998,76.28823529411764,79.16470588235293,84.78235294117647,85.87647058823529,24.200000000000003,2919.0,37.2,41.1,57.1,2.6,60.79999999999999,14.3,5.013
Mozambique,EasternAfrica,7.700000000000001,113.8,103.4,4.5,45.4,15.5,34.51764705882353,39.352941176470594,71.18235294117648,51.5,56.8,23.5,21.3,35.2,31.899999999999995,62.8,590.0,72.1,20.1,16.9,5.200000000000001,34.4,25.9,4.971
Myanmar,South-easternAsia,16.8,106.66470588235295,106.26470588235294,8.5,27.8,62.6,57.1,42.7,71.5,61.3,68.0,37.535294117647055,36.51764705882352,62.47647058823528,63.988235294117665,43.7,1212.0,51.7,31.499999999999996,21.7,2.3,29.9,26.7,4.307
Nepal,SouthernAsia,14.300000000000002,139.9,148.6,8.3,33.4,37.3,34.99999999999999,23.6,32.9,67.3,70.0,48.7,49.6,66.3,69.4,33.8,770.0,67.3,18.5,17.6,2.3,18.6,31.7,4.514
Netherlands,WesternEurope,16.4,102.69999999999999,102.7,24.1,16.8,97.5,97.50000000000001,99.62941176470588,99.74117647058823,79.4,83.10000000000001,128.6,137.2,132.6,134.6,3.5,45179.0,2.3,81.2,91.7,1.7,90.2,1.9,7.378
New Zealand,Oceania,21.6,97.7,98.2,20.0,20.0,94.3235294117647,95.26470588235294,98.48823529411766,99.51176470588236,79.5,83.10000000000001,122.9,138.6,111.5,118.1,4.4,38458.0,6.1,72.3,88.2,2.0,86.3,4.9,7.2860000000000005
Nicaragua,CentralAmerica,17.6,105.51764705882353,103.65882352941178,7.4,31.3,57.25294117647059,49.94117647058824,38.6,67.2,69.8,76.4,68.04117647058823,73.2294117647059,82.66470588235295,85.67647058823529,17.8,2050.0,31.000000000000004,51.4,19.7,2.5,57.9,17.8,5.828
Niger,WesternAfrica,7.4,77.4,65.6,4.2,50.199999999999996,9.5,37.99999999999999,39.45882352941177,72.91176470588236,58.1,60.3,11.0,8.7,23.1,17.0,55.9,482.99999999999994,75.9,16.7,2.5,7.4,16.2,34.9,3.845
Nigeria,WesternAfrica,12.2,106.35882352941177,99.55294117647057,4.5,44.1,24.600000000000005,30.9,15.7,24.4,51.2,52.8,46.3,41.6,48.8,44.7,75.0,2730.0,36.9,50.9,36.0,5.7,47.8,20.9,5.268
Norway,NorthernEurope,20.1,100.00000000000001,99.80000000000001,21.8,18.0,94.80588235294117,96.46470588235293,99.47647058823529,99.61176470588234,79.5,83.6,129.4,122.1,116.0,113.19999999999999,2.4,74195.0,2.0,77.9,96.8,1.8000000000000003,81.1,1.7,7.521999999999999
Oman,WesternAsia,33.6,106.0,110.7,3.8,21.8,80.88235294117648,76.46470588235293,84.51176470588236,94.24117647058823,74.5,78.70000000000002,98.6,98.3,104.2,102.39999999999999,9.6,16029.000000000002,4.9,61.400000000000006,73.5,2.9,81.4,1.9,6.853
Pakistan,SouthernAsia,24.0,91.4,78.3,6.4,35.9,32.11764705882353,44.55294117647059,32.8,42.2,65.1,67.0,36.2,27.400000000000002,44.0,34.9,68.1,1339.0,41.0,35.0,13.999999999999998,3.7999999999999994,36.0,25.1,5.194
Panama,CentralAmerica,18.7,97.20000000000002,94.9,10.8,27.8,69.44117647058823,64.5529411764706,70.86470588235294,87.32352941176471,74.4,80.4,55.3,62.5,73.9,77.9,16.0,13630.0,14.700000000000001,66.6,51.2,2.6,66.7,2.9,6.786
Paraguay,SouthAmerica,19.7,105.52352941176471,103.36470588235294,8.8,30.4,62.6,52.8,47.7,71.6,71.3,75.19999999999999,69.11764705882352,76.00588235294119,85.0294117647059,88.90588235294118,20.8,5407.0,19.7,60.6,49.70000000000001,2.6,60.79999999999999,10.2,5.878
Peru,SouthAmerica,16.6,100.2,100.3,10.7,28.1,49.45882352941177,49.29999999999999,20.1,58.599999999999994,72.6,77.7,90.9,91.4,97.80000000000001,97.4,14.1,6229.0,28.3,55.2,40.9,2.4,77.4,7.7,5.824
Philippines,South-easternAsia,16.2,113.9,110.50000000000001,7.3,32.3,57.8,51.3,33.5,61.3,66.2,74.6,74.3,83.1,84.4,91.50000000000001,23.7,2867.0,29.2,54.6,36.0,3.1,46.3,10.3,5.073
Poland,EasternEurope,30.5,100.01176470588236,99.7235294117647,22.7,14.8,86.3294117647059,92.59999999999998,95.11176470588235,98.46470588235293,73.09999999999998,81.2,116.6,112.1,109.7,105.7,4.4,12563.0,11.500000000000002,57.900000000000006,68.0,1.3,60.3,2.7,5.791
Portugal,SouthernEurope,24.3,108.99999999999999,104.9,27.0,14.1,90.0764705882353,85.3,91.5,97.5,77.5,83.7,120.1,117.70000000000002,120.6,116.90000000000002,2.9,19223.0,7.5,68.1,68.6,1.3,63.5,2.4,5.102
Qatar,WesternAsia,54.1,102.2,103.0,2.2,13.4,92.66470588235293,94.8,96.28823529411764,99.05294117647058,78.3,81.1,76.68823529411763,85.87647058823529,102.50588235294117,104.05294117647061,7.300000000000001,63039.00000000001,1.2,44.6,92.9,2.0,98.9,0.2,6.611
South Korea,EasternAsia,25.2,98.90000000000002,98.69999999999999,18.3,13.8,94.47647058823529,95.98235294117647,97.80588235294117,99.5470588235294,77.9,84.40000000000002,97.1,96.6,100.3,99.7,3.0000000000000004,28841.0,5.1,69.7,89.9,1.2,81.6,2.2,5.984
Moldova,EasternEurope,17.8,92.89999999999999,91.9,16.5,15.8,71.2235294117647,76.7,93.88823529411764,97.65882352941178,66.7,75.19999999999999,83.2,86.0,85.8,86.5,14.2,1903.0,34.2,48.0,69.0,1.3,42.5,13.200000000000001,5.889
Romania,EasternEurope,28.5,89.8,88.5,23.8,15.5,66.8529411764706,75.83529411764705,66.7,95.0,71.5,78.4,89.1,91.0,92.9,92.9,8.4,8928.0,25.6,46.0,55.8,1.5,53.9,4.8,5.124
Russia,EasternEurope,27.299999999999997,98.7,99.50000000000001,20.0,16.9,49.5,63.1,83.71764705882354,95.78823529411764,64.6,76.0,115.3,104.2,103.4,101.0,8.3,9424.0,6.7,66.0,70.1,1.7,74.1,4.3,5.716
Rwanda,EasternAfrica,8.3,138.7,140.6,4.5,40.6,49.20000000000001,31.864705882352936,3.9,40.8,63.9,67.6,31.9,32.1,36.3,39.4,39.4,751.0,66.7,25.0,18.0,4.3,17.0,26.3,3.4650000000000003
Saudi Arabia,WesternAsia,22.7,108.7,112.1,5.2,25.8,72.75882352941176,69.7764705882353,76.22941176470589,91.95882352941176,73.09999999999998,76.0,122.7,116.5,117.9,114.99999999999999,8.7,20628.0,6.1,71.2,69.6,2.7,83.2,2.6,6.411
Senegal,WesternAfrica,13.0,80.2,89.8,4.8,43.5,21.0,20.9,43.017647058823535,71.2,63.8,67.5,24.129411764705885,19.282352941176473,47.247058823529414,42.082352941176474,38.3,1218.0,33.3,53.70000000000001,27.0,5.0,45.900000000000006,16.0,3.904
Serbia,SouthernEurope,24.5,101.5,101.2,24.3,16.2,22.1,15.9,66.6,81.5,72.1,77.4,89.7,93.1,96.0,97.4,6.1000000000000005,5589.0,19.4,56.1,65.3,1.5,55.7,8.1,5.123
Sierra Leone,WesternAfrica,5.8,115.3,116.9,4.7,41.9,8.2,19.2,6.7,11.999999999999998,50.5,52.3,28.5,22.3,41.6,36.5,97.1,592.0,57.89999999999999,36.29999999999999,6.299999999999999,4.8,40.8,60.5,4.507
Singapore,South-easternAsia,17.3,104.61764705882354,105.18235294117646,15.7,12.6,97.51764705882351,100.0,99.04705882352941,99.99999999999999,80.1,84.5,99.83529411764704,114.10000000000004,126.00588235294119,129.8294117647059,2.1,55077.0,0.8,81.9,79.0,1.2,100.0,0.0,6.798000000000001
Slovakia,EasternEurope,36.1,98.90000000000002,98.1,20.7,15.3,75.3,88.3,95.59411764705882,98.84705882352944,72.5,79.8,83.5,86.8,90.5,91.50000000000001,5.4,16276.000000000002,3.2,60.699999999999996,77.6,1.4,53.9,2.9,5.995
Slovenia,SouthernEurope,32.0,99.6,100.3,25.1,14.700000000000001,88.28823529411764,90.16470588235295,95.1,97.71176470588235,77.1,83.10000000000001,115.7,117.70000000000002,109.7,111.0,2.2,20804.0,7.1,60.9,73.1,1.6,53.79999999999999,2.4,5.848
Spain,SouthernEurope,19.9,105.6,107.19999999999999,24.0,14.9,95.51176470588236,96.1764705882353,98.7,99.8,79.6,85.30000000000001,124.7,128.0,125.3,124.59999999999998,2.9,25606.999999999996,4.1,76.0,78.7,1.3,79.6,3.0,6.329
Sri Lanka,SouthernAsia,25.8,102.69999999999999,100.6,14.0,24.8,62.94117647058824,73.06470588235294,80.68235294117646,91.5,72.5,79.3,42.51764705882353,44.929411764705875,87.60588235294118,89.7235294117647,8.8,3855.0000000000005,28.700000000000003,45.6,12.1,2.2,18.3,8.8,4.271
Palestinian Territories,WesternAsia,28.700000000000003,97.5,97.5,4.6,39.9,36.1,66.5,73.6,79.5,71.4,74.9,59.0,77.4,81.9,89.9,19.3,3085.0,8.7,62.6,57.4,4.3,75.4,8.7,4.715
Sudan,NorthernAfrica,16.8,76.4,69.8,5.4,41.5,25.58823529411765,40.19411764705883,41.676470588235304,63.57058823529412,62.1,65.5,38.2,40.3,46.00000000000001,45.3,47.800000000000004,2158.0,41.5,41.7,26.6,4.8,33.9,32.0,4.55
Suriname,SouthAmerica,23.9,115.2,116.4,9.7,27.9,36.2,22.0,38.2,63.1,67.8,74.3,36.8,66.9,67.1,88.6,20.3,8562.0,7.400000000000001,68.7,42.8,2.6,66.1,10.0,6.269
Sweden,NorthernEurope,18.3,120.49999999999999,125.5,25.2,17.3,89.9,95.3,99.23529411764704,99.44705882352942,80.0,83.8,149.2,179.1,131.5,150.0,2.4,51726.0,2.0,79.7,90.6,1.8999999999999997,86.6,1.6,7.364
Switzerland,WesternEurope,20.8,104.3,104.0,23.5,14.8,98.9,99.9,99.58823529411767,99.61176470588234,80.5,84.8,100.8,95.3,103.2,99.6,3.9,84629.0,3.3999999999999995,75.8,87.5,1.5,73.7,0.6,7.587
Syria,WesternAsia,28.3,105.51176470588236,103.81764705882354,6.3,33.1,69.16470588235295,77.60588235294117,69.84705882352941,86.47058823529413,64.4,76.29999999999998,44.21764705882353,53.10000000000001,77.95882352941176,81.61176470588235,17.9,1061.0,12.0,59.7,30.0,3.1,52.199999999999996,20.7,3.006
Tajikistan,CentralAsia,15.6,98.1,97.09999999999998,4.8,35.8,58.400000000000006,61.62941176470588,52.91764705882353,70.45882352941176,67.2,71.8,37.55882352941176,35.694117647058825,64.44117647058825,63.694117647058825,34.1,928.9999999999999,48.3,36.1,19.0,3.6000000000000005,26.7,24.7,4.786
Thailand,South-easternAsia,23.7,103.50000000000001,97.60000000000001,15.7,18.0,21.1,27.7,56.31176470588235,83.84117647058824,71.6,78.9,120.3,120.2,123.0,118.2,10.1,5840.0,32.3,44.00000000000001,39.3,1.5,47.7,8.9,6.455
Togo,WesternAfrica,12.8,131.2,124.9,4.5,42.1,5.7,12.3,6.200000000000001,33.3,58.300000000000004,59.8,31.729411764705876,24.029411764705884,46.2529411764706,39.34705882352941,55.7,730.0,40.2,47.0,7.099999999999999,4.7,40.099999999999994,24.200000000000003,2.839
Trinidad and Tobago,Caribbean,27.9,105.37647058823529,104.81764705882352,14.5,20.7,73.99999999999999,77.90588235294118,84.12941176470588,95.12352941176471,69.8,75.19999999999999,57.66470588235293,68.54117647058824,91.3764705882353,95.69999999999999,26.1,18214.0,3.3999999999999995,68.6,69.2,1.8000000000000003,53.3,1.1,6.168
Tunisia,NorthernAfrica,33.3,114.5,114.6,11.8,23.800000000000004,51.9,84.9,65.8,83.8,73.4,77.6,56.570588235294125,64.01176470588234,88.51176470588236,90.88823529411768,14.600000000000001,3862.0,14.5,52.2,46.5,2.3,68.1,10.9,4.739
Turkey,WesternAsia,27.200000000000003,103.40000000000002,102.7,11.5,25.6,72.6,74.7,75.3529411764706,90.51176470588236,72.5,78.70000000000002,109.8,102.9,104.2,101.5,11.8,11006.0,20.4,52.39999999999999,53.7,2.1,73.6,7.8,5.332
Turkmenistan,CentralAsia,41.2,104.2235294117647,103.54117647058825,6.8,30.4,68.61764705882354,76.68823529411765,85.1,96.39999999999999,63.9,70.8,36.694117647058825,39.17058823529411,78.45882352941177,79.24705882352941,46.9,6478.0,21.9,36.9,15.0,3.0,50.29999999999999,9.4,5.548000000000001
Uganda,EasternAfrica,6.800000000000001,101.6,103.7,3.1,48.00000000000001,15.100000000000001,28.36470588235294,5.500000000000001,35.8,57.7,61.1,23.25294117647059,15.464705882352941,43.24117647058823,32.07058823529412,58.99999999999999,657.0,72.6,20.599999999999998,17.8,5.800000000000001,22.1,25.8,3.931
Ukraine,EasternEurope,24.7,98.41764705882353,98.60588235294118,22.2,15.3,68.18823529411765,60.9,88.7,88.8,65.8,75.9,82.13529411764706,88.91176470588235,97.45294117647059,97.4470588235294,8.8,2026.0,15.3,60.1,48.9,1.5,69.1,14.2,4.681
United Arab Emirates,WesternAsia,35.7,111.40000000000002,111.6,1.8,14.2,87.23529411764706,82.51176470588234,89.50588235294117,96.23529411764707,76.1,78.2,70.05882352941175,82.2764705882353,99.88235294117646,102.57647058823528,6.5,38663.0,2.0,62.4,90.5,1.7,85.7,0.7,6.901
United Kingdom,NorthernEurope,18.7,102.0,101.9,23.3,17.6,93.6,99.0,98.88235294117646,99.61764705882351,78.9,82.7,130.2,138.5,122.8,126.4,4.1,44530.0,1.1,80.2,92.0,1.8999999999999997,82.6,0.7,6.867
Tanzania,EasternAfrica,6.4,82.5,87.0,4.0,44.699999999999996,18.4,29.9,45.90588235294118,78.35882352941177,58.8,63.1,7.4,5.0,27.3,27.0,46.9,947.0,67.5,26.1,20.0,5.200000000000001,31.599999999999998,26.72352941176471,3.781
United States,NorthernAmerica,19.9,100.3,100.3,20.5,19.2,96.60588235294117,97.20000000000002,98.95882352941177,97.0,76.5,81.3,93.9,95.6,97.2,98.20000000000002,6.000000000000001,56839.0,1.4,78.7,74.6,1.8999999999999997,81.7,1.0,7.119
Uruguay,SouthAmerica,20.5,112.2,109.8,19.2,21.099999999999998,83.64705882352942,75.61764705882352,88.01764705882353,94.5,73.2,80.7,73.83529411764705,86.05882352941175,100.52352941176473,105.43529411764705,10.0,15614.0,8.8,70.7,64.6,2.0,94.99999999999999,6.7,6.485
Uzbekistan,CentralAsia,27.7,100.6,99.20000000000002,6.9,28.4,49.6764705882353,54.864705882352936,30.9,85.9,67.8,72.7,90.4,89.6,92.4,91.3,27.7,2646.0,26.7,45.6,42.8,2.4,50.800000000000004,33.6,6.003
Venezuela,SouthAmerica,20.3,102.0,99.80000000000001,9.6,28.4,72.61764705882354,75.42941176470588,76.91176470588235,90.6058823529412,69.4,77.0,74.7,85.7,87.7,94.50000000000001,14.999999999999998,11439.0,7.400000000000001,72.3,64.0,2.4,88.2,6.3,6.8100000000000005
Vietnam,South-easternAsia,22.7,109.70000000000002,110.1,10.2,23.0,65.62941176470589,70.5,75.65882352941176,89.25882352941176,70.8,79.1,48.817647058823525,50.50588235294117,90.94705882352943,90.96470588235293,17.9,2085.0,44.0,33.199999999999996,45.0,2.0,33.8,18.9,5.36
Yemen,WesternAsia,12.8,103.30588235294118,98.90588235294118,4.4,40.7,37.78823529411765,61.4,60.95882352941177,76.56470588235294,64.3,67.7,30.1,26.15294117647059,60.04117647058823,54.32941176470588,43.3,1006.0000000000001,29.2,58.0,24.1,4.4,34.8,18.199999999999996,4.077
Zambia,EasternAfrica,10.7,101.3,101.6,3.3,46.2,19.6,38.64705882352941,29.976470588235298,50.1,57.0,61.5,24.97647058823529,18.152941176470595,50.44705882352941,40.24705882352941,53.300000000000004,1314.0,51.7,37.699999999999996,21.0,5.200000000000001,41.89999999999999,5.300000000000001,5.129
Zimbabwe,EasternAfrica,7.1,111.96470588235294,106.95882352941176,4.4,42.599999999999994,31.1,19.0,13.999999999999998,64.5,54.9,58.3,23.329411764705885,18.929411764705883,44.95294117647059,38.22941176470589,51.2,1445.0,67.2,25.7,22.7,4.1,32.4,9.3,4.61
Kosovo,SouthernEurope,24.976470588235294,104.44117647058825,102.4764705882353,11.211764705882354,26.547058823529415,69.60000000000001,75.48235294117647,76.67647058823529,90.49999999999999,68.26470588235294,73.68235294117646,52.45294117647058,57.70588235294118,89.4764705882353,89.66470588235293,25.570588235294117,3614.9999999999995,25.99411764705882,49.035294117647055,40.88235294117647,2.4941176470588236,55.61176470588236,12.6,5.589
Afghanistan,SouthernAsia,10.0,131.6,91.1,4.1,43.2,27.0,45.1,47.0,78.2,61.0,63.5,13.3,3.7,70.7,39.7,68.6,623.2,61.6,28.5,8.3,5.3,26.7,23.3,3.7939999103546094
Albania,SouthernEurope,18.3,115.5,111.7,19.0,17.4,90.2,95.5,95.2,94.90000000000002,75.6,79.9,48.7,68.1,98.79999999999998,92.5,14.600000000000001,3984.2,41.4,40.3,63.300000000000004,1.7,57.4,22.4,4.64400005340576
Algeria,NorthernAfrica,34.5,119.50000000000001,112.70000000000002,9.4,29.3,82.2,89.8,81.8,84.3,74.1,76.5,28.9,45.1,98.1,101.69999999999999,27.7,4154.1,10.8,54.7,38.2,3.0,70.7,12.2,5.87200021743774
Angola,MiddleAfrica,37.6,156.9,100.4,4.0,46.8,22.5,88.6,28.2,75.4,57.4,63.0,10.4,8.2,35.1,22.699999999999996,65.4,4714.1,4.2,58.20000000000001,12.399999999999999,6.0,44.099999999999994,6.8,3.79500007629395
Argentina,SouthAmerica,24.8,110.2,109.8,15.4,24.9,98.3,96.19999999999999,99.99999999999999,99.0,72.2,79.8,63.5,102.9,103.4,110.3,13.7,14564.5,2.0,73.1,69.4,2.3,91.80000000000001,6.0,6.598999977111821
Armenia,WesternAsia,15.7,98.5,98.5,16.9,20.0,78.2,96.19999999999999,99.99999999999999,99.99999999999999,70.6,77.0,41.6,46.9,88.1,88.99999999999999,13.2,3489.1,35.0,49.3,58.199999999999996,1.6,62.7,19.000000000000004,4.37599992752075
Australia,Oceania,21.2,102.3,102.1,21.0,19.0,100.0,100.0,99.99999999999999,99.99999999999999,80.2,84.40000000000002,75.4,106.30000000000001,141.3,133.6,3.9,51352.2,2.7,76.1,84.6,1.8999999999999997,89.4,2.5,7.283999919891359
Austria,WesternEurope,25.6,103.7,102.20000000000002,25.1,14.1,100.0,100.0,99.99999999999999,99.99999999999999,78.40000000000002,83.5,74.3,89.2,102.4,97.6,3.3,44117.7,4.7,69.7,83.9,1.4,66.0,1.3,7.00600004196167
Azerbaijan,WesternAsia,14.2,107.4,105.60000000000001,10.1,23.3,86.6,91.6,77.8,94.7,68.6,74.6,23.6,27.5,88.8,91.3235294117647,31.4,5438.7,36.7,49.1,77.0,2.1,54.6,6.7,5.23400020599365
Bahrain,WesternAsia,33.4,100.6,101.8,4.6,19.7,99.19999999999999,99.2,99.99999999999999,99.99999999999999,75.6,77.5,30.9,59.4,102.4,101.9,6.9,22600.2,1.0,65.6,93.5,2.1,88.8,0.3,6.08699989318848
Bangladesh,SouthernAsia,19.1,116.00000000000001,125.1,7.3,28.4,62.1,57.7,87.0,86.5,69.8,72.9,15.4,11.4,59.79999999999999,67.4,33.3,1207.9,40.6,40.3,14.4,2.2,34.3,15.5,4.60799980163574
Belarus,EasternEurope,32.0,101.4,101.3,21.3,16.7,95.2,94.10000000000001,99.1,99.9,66.5,77.7,75.9,100.7,107.8,106.4,3.6000000000000005,5750.8,9.6,58.4,62.2,1.6,76.7,7.5,5.56899976730347
Belgium,WesternEurope,21.2,104.2,104.19999999999999,24.6,17.1,99.39999999999999,99.5,99.99999999999999,99.99999999999999,78.0,83.0,65.0,85.4,156.4,177.7,3.5,40277.8,1.2,77.6,85.1,1.8000000000000003,97.9,0.7,6.890999794006349
Belize,CentralAmerica,15.9,115.8,110.4,6.2,31.4,88.2,93.5,99.99999999999999,98.9,67.2,72.7,17.9,28.700000000000003,79.8,81.8,14.300000000000002,4789.4,16.1,67.9,41.6,2.6,43.99999999999999,14.6,5.95599985122681
Benin,WesternAfrica,10.2,134.2,123.70000000000002,5.0,42.7,7.300000000000001,35.6,72.1,85.2,58.5,61.4,22.4,8.4,66.7,46.8,67.7,779.1,43.2,46.6,6.8,5.200000000000001,43.99999999999999,23.2,3.65700006484985
Bhutan,SouthernAsia,9.7,96.59999999999998,96.9,7.3,26.500000000000004,33.1,77.9,99.99999999999999,99.99999999999999,68.6,68.9,12.6,9.2,81.4,87.1,30.5,2677.1,56.6,33.7,39.8,2.2,38.6,17.2,5.01100015640259
Bolivia,SouthAmerica,21.1,98.5,95.7,9.5,31.6,27.499999999999996,60.800000000000004,75.6,96.7,65.3,70.2,44.44705882352942,48.882352941176464,87.1,85.7,42.9,3076.8,29.500000000000004,49.4,45.1,3.0,68.5,12.6,5.822999954223631
Bosnia and Herzegovina,SouthernEurope,30.399999999999995,99.59411764705882,99.28235294117647,23.4,14.1,92.0,98.9,99.99999999999999,99.7,73.7,78.8,68.4470588235294,80.01764705882353,100.98235294117646,100.68823529411765,7.599999999999999,4265.0,18.0,51.7,65.1,1.3,39.79999999999999,7.3,5.18200016021729
Botswana,SouthernAfrica,14.9,109.4,105.8,6.4,31.4,43.1,78.5,92.3,99.20000000000002,59.8,66.1,19.2,27.699999999999996,76.48823529411766,79.56470588235294,35.2,6360.6,25.699999999999996,59.4,27.5,2.9,57.4,2.4,3.76600003242493
Brazil,SouthAmerica,21.5,116.8,113.80000000000001,12.6,21.699999999999996,51.5,88.0,87.0,99.99999999999999,70.99999999999999,78.4,42.4,59.3,97.2,102.2,15.8,8528.3,15.2,63.2,59.10000000000001,1.8000000000000003,85.7,5.2,6.63500022888184
Bulgaria,EasternEurope,29.4,97.7,96.70000000000002,27.7,14.2,83.7,86.8,99.0,99.6,70.8,77.8,65.4,82.9,100.5,97.4,8.3,6846.800000000001,6.5,64.1,56.7,1.5,73.9,5.1,4.71400022506714
Burkina Faso,WesternAfrica,4.9,89.9,86.1,3.8999999999999995,45.2,6.699999999999999,50.4,75.8,97.5,58.0,59.3,7.3,3.8,35.1,32.2,64.8,611.1,80.0,15.099999999999998,11.4,5.6,29.9,34.5,4.03200006484985
Burundi,EasternAfrica,2.6,123.10000000000001,124.5,4.4,45.0,48.6,43.79999999999999,73.8,91.1,54.2,58.0,7.7,2.4,44.5,40.5,77.8,244.6,91.1,6.3,4.9,6.0,12.1,36.3,2.90499997138977
Cambodia,South-easternAsia,19.6,117.09999999999998,116.2,7.1,31.3,30.500000000000004,88.1,69.1,99.99999999999999,65.5,69.6,14.3,11.8,66.81176470588235,66.29411764705881,29.900000000000002,1158.7,42.4,38.0,19.0,2.7,20.7,28.2,4.16800022125244
Cameroon,MiddleAfrica,8.7,123.5,110.7,4.8,42.7,26.799999999999997,61.8,52.7,94.79999999999998,55.1,57.7,19.7,15.2,62.6,53.5,67.5,1217.3,61.800000000000004,29.5,20.7,5.0,54.4,22.700000000000003,4.69500017166138
Canada,NorthernAmerica,19.5,100.09999999999998,101.1,23.5,16.0,99.0,100.0,99.0,99.99999999999999,79.7,83.8,88.9470588235294,103.65294117647059,109.8,110.0,4.699999999999999,43205.6,2.1,78.4,88.5,1.6,81.8,1.8,7.31599998474121
Central African Republic,MiddleAfrica,4.3,107.3,79.8,5.5,43.2,7.199999999999999,43.6,54.400000000000006,89.6,47.8,51.0,4.1,1.5,23.000000000000004,11.8,93.5,333.2,72.2,23.400000000000002,4.6,5.1,40.0,34.9,2.69300007820129
Chad,MiddleAfrica,2.0,114.6,88.0,4.0,47.1,6.5,31.4,44.8,71.8,50.5,52.8,5.7,1.1,30.7,14.000000000000002,91.2,713.0,76.6,21.4,2.7,6.3,22.5,25.4,3.93600010871887
Chile,SouthAmerica,22.9,103.3,100.0,16.0,20.3,90.9,100.0,93.3,99.7,76.2,81.3,83.0,94.4,100.0,101.3,7.4,13416.2,9.6,67.5,64.3,1.8000000000000003,89.5,3.9,6.65199995040894
"Hong Kong S.A.R., China",EasternAsia,14.9,102.7235294117647,102.90588235294118,23.5,11.5,99.1235294117647,97.59411764705881,99.04705882352941,99.91176470588235,80.5,86.4,63.5,73.7,102.8,98.8,1.6,42431.0,0.2,84.9,84.9,1.2,100.0,0.1,5.47200012207031
China,EasternAsia,23.9,104.0,104.3,16.2,17.7,63.699999999999996,86.6,93.0,97.5,74.2,77.2,39.9,47.3,93.2,95.59999999999998,11.6,8109.1,27.0,49.1,50.3,1.6,55.6,9.2,5.27299976348877
Colombia,SouthAmerica,16.6,115.4,111.6,11.6,23.5,67.9,85.2,73.8,96.80000000000001,70.2,77.4,51.5,59.9,94.8,101.5,17.9,6056.1,13.5,69.9,55.9,1.8999999999999997,76.4,6.8,6.35699987411499
Congo (Brazzaville),MiddleAfrica,25.8,107.00000000000001,114.8,5.2,42.3,5.6,20.0,40.0,95.8,61.0,64.1,11.1,8.3,58.400000000000006,50.60000000000001,46.5,1838.1000000000001,40.7,33.49999999999999,7.6,4.900000000000001,65.4,4.7,4.29099988937378
Costa Rica,CentralAmerica,19.1,110.1,109.5,13.6,21.6,92.3,95.2,91.9,99.6,76.7,81.7,46.6,60.9,120.7,125.6,9.3,11015.0,11.6,69.3,59.79999999999999,1.8999999999999997,76.8,5.1,7.078999996185301
Croatia,SouthernEurope,26.8,97.8,98.1,26.8,14.700000000000001,95.8,97.79999999999998,99.7,99.6,73.6,80.4,58.8,79.8,95.9,100.6,3.9,11479.4,9.2,64.0,69.8,1.5,59.00000000000001,4.1,5.29300022125244
Cyprus,WesternAsia,16.7,99.3,99.3,18.5,16.8,100.0,100.0,99.99999999999999,99.99999999999999,77.70000000000002,82.2,51.1,69.4,100.1,99.40000000000002,4.2,21941.9,4.1,79.2,71.7,1.4,66.9,2.3,5.62099981307983
Czech Republic,EasternEurope,37.0,99.6,99.9,25.6,15.4,99.19999999999999,99.10000000000001,99.99999999999999,99.99999999999999,75.1,81.2,54.2,76.3,105.09999999999998,106.1,2.5,17561.7,2.5,60.5,81.3,1.5,73.0,2.5,6.609000205993649
Congo (Kinshasa),MiddleAfrica,5.9,112.0,101.8,4.7,46.29999999999999,28.7,28.499999999999996,31.2,81.1,56.7,59.5,9.1,4.2,53.60000000000001,33.3,73.2,486.20000000000005,65.3,28.9,3.8,6.4,42.5,19.9,4.28000020980835
Denmark,NorthernEurope,19.2,102.3,100.7,25.3,16.5,99.6,99.60000000000001,99.99999999999999,99.99999999999999,78.1,82.2,69.7,96.3,128.3,133.4,3.5,53149.299999999996,2.4,78.4,96.3,1.7,87.7,1.2,7.52199983596802
Dominican Republic,Caribbean,16.9,108.09999999999998,98.69999999999999,10.2,29.3,75.7,86.2,81.9,85.4,70.2,76.4,35.4,65.0,74.1,81.7,25.1,6373.6,13.1,70.0,51.9,2.5,79.0,6.6000000000000005,5.23000001907349
Ecuador,SouthAmerica,19.2,107.4,107.9,10.5,28.4,80.7,87.0,75.5,93.4,72.8,78.4,34.6,45.3,105.3,109.2,21.1,6205.1,25.699999999999996,55.10000000000001,48.9,2.6,63.70000000000001,10.1,6.00799989700317
Egypt,NorthernAfrica,25.3,104.1,103.8,7.900000000000001,33.5,93.1,96.8,99.0,99.99999999999999,68.7,73.00000000000001,36.9,35.6,86.3,85.9,18.9,3452.3,25.4,49.3,35.9,3.4,43.099999999999994,11.2,4.7350001335144
El Salvador,CentralAmerica,20.2,111.40000000000002,106.8,11.6,27.4,60.0,82.4,86.5,97.5,67.9,77.1,27.7,30.500000000000004,79.2,79.7,17.0,4219.4,18.6,61.2,26.899999999999995,2.2,66.7,10.8,6.00299978256226
Estonia,NorthernEurope,29.0,98.29999999999998,98.5,25.9,16.4,96.6,97.50000000000001,99.0,99.99999999999999,71.8,81.2,55.4,84.8,115.6,114.7,3.2,17112.0,3.8,67.3,88.4,1.6,67.5,3.4,5.61100006103516
Ethiopia,EasternAfrica,8.4,106.90000000000002,97.2,5.3,40.6,28.200000000000003,27.199999999999996,48.6,93.1,61.9,65.5,10.9,5.3,35.9,34.4,45.8,602.7999999999998,70.5,21.100000000000005,11.6,4.6000000000000005,19.5,40.5,4.46000003814697
Finland,NorthernEurope,22.0,101.70000000000002,101.40000000000002,27.8,16.4,88.0,99.4,99.99999999999999,99.99999999999999,77.70000000000002,83.7,79.3,95.6,142.8,156.3,2.3,42148.1,4.2,73.8,92.7,1.8000000000000003,84.2,2.5,7.468999862670899
France,WesternEurope,20.5,105.7,105.00000000000001,25.7,18.1,98.9,98.59999999999998,99.99999999999999,99.99999999999999,78.8,85.0,57.9,71.0,110.1,111.2,3.4,36304.2,2.7,76.8,84.7,2.0,79.5,1.7,6.44199991226196
Gabon,MiddleAfrica,19.1,144.0,139.9,6.4,35.9,31.499999999999996,43.39999999999999,66.7,97.20000000000002,63.1,65.8,45.858823529411765,49.470588235294116,77.75294117647059,79.10000000000001,40.8,7960.7,16.2,64.8,23.5,4.0,87.2,3.8,4.46500015258789
Georgia,WesternAsia,11.2,115.5,118.20000000000002,20.8,19.2,75.9,95.2,99.99999999999999,99.99999999999999,68.5,77.0,39.2,47.8,103.60000000000001,103.8,11.2,3491.4000000000005,44.7,44.1,45.2,2.0,53.599999999999994,9.0,4.28599977493286
Germany,WesternEurope,27.5,105.20000000000002,104.70000000000002,28.0,13.1,99.0,99.3,99.99999999999999,99.99999999999999,77.9,82.9,69.7,66.8,105.59999999999998,99.6,3.4,41686.2,1.4,71.2,87.6,1.4,75.3,0.6,6.95100021362305
Ghana,WesternAfrica,14.2,107.3,108.7,5.3,38.5,8.6,20.2,84.0,92.6,60.7,62.6,19.1,13.199999999999998,63.1,61.1,46.5,1355.6,41.9,43.8,23.5,4.2,54.0,19.000000000000004,4.11999988555908
Greece,SouthernEurope,15.0,98.1,97.09999999999998,26.5,14.2,98.1,99.2,99.99999999999999,99.99999999999999,78.0,83.3,114.0,113.69999999999999,109.5,103.4,3.3,17788.0,12.899999999999999,72.1,66.8,1.3,78.0,4.1,5.22700023651123
Guatemala,CentralAmerica,18.5,103.8,99.80000000000001,6.9,35.1,49.3,77.5,86.8,98.40000000000002,69.2,75.6,20.2,23.5,67.90000000000002,63.3,26.9,3903.5,32.0,49.4,27.1,3.2,51.6,10.8,6.4539999961853
Guinea,WesternAfrica,7.4,98.6,83.8,5.2,42.3,11.8,34.099999999999994,67.4,92.7,57.4,58.4,14.9,6.700000000000001,46.8,30.699999999999996,65.7,703.8999999999999,69.7,22.899999999999995,4.7,5.1,37.2,19.8,3.50699996948242
Haiti,Caribbean,12.6,104.01764705882353,103.04117647058825,7.3,33.0,19.2,33.6,47.6,64.9,60.2,64.4,29.641176470588242,24.1,53.77058823529411,47.51176470588235,46.9,793.6999999999999,46.9,40.6,12.2,3.1,58.6,16.7,3.6029999256134
Honduras,CentralAmerica,21.6,111.3,110.1,7.0,31.6,77.7,86.7,83.8,97.4,70.4,75.40000000000002,18.8,25.4,64.8,77.0,27.8,2521.9,29.400000000000002,49.0,20.4,2.6,54.7,13.0,5.18100023269653
Hungary,EasternEurope,29.8,101.9,101.3,26.0,14.300000000000002,98.6,97.79999999999998,99.99999999999999,99.99999999999999,71.7,78.8,45.3,56.70000000000001,105.09999999999998,105.29999999999998,4.9,12350.6,4.3,65.9,72.8,1.3,71.2,4.1,5.32399988174438
Iceland,NorthernEurope,17.7,99.7,98.6,20.1,20.1,100.0,98.7,99.99999999999999,99.99999999999999,80.6,83.8,60.2,103.1,116.3,120.99999999999999,1.6,50936.0,4.0,78.2,98.2,2.0,94.1,6.4,7.50400018692017
India,SouthernAsia,24.5,102.79999999999998,115.1,9.4,27.8,28.500000000000004,62.60000000000001,92.6,97.09999999999998,66.2,69.1,27.0,26.7,73.5,74.5,41.3,1614.2,44.3,31.2,26.0,2.4,32.7,17.0,4.31500005722046
Indonesia,South-easternAsia,22.4,107.2,104.40000000000002,8.6,27.4,47.5,72.3,79.5,94.2,66.6,70.7,22.9,25.7,85.70000000000002,85.99999999999999,25.0,3346.5000000000005,31.4,46.2,22.0,2.4,53.7,14.0,5.262000083923339
Iran,SouthernAsia,32.5,106.29999999999998,111.7,8.8,23.7,82.3,92.80000000000001,92.1,97.7,74.0,76.2,75.9,67.7,89.4,88.9,14.8,5038.1,16.6,50.9,44.1,1.7,73.4,8.6,4.69199991226196
Iraq,WesternAsia,21.0,104.9,102.5764705882353,5.0,40.4,83.8,86.4,70.1,93.8,67.0,71.4,40.48235294117647,48.21176470588235,80.37647058823529,83.11764705882354,32.1,4509.0,20.4,58.599999999999994,17.2,4.6000000000000005,69.5,4.6,4.49700021743774
Ireland,NorthernEurope,17.7,100.89999999999999,101.99999999999999,19.1,21.6,92.9,89.1,97.8,97.9,78.7,83.0,80.1,87.6,125.6,129.4,3.4,60513.6,4.8,77.4,80.1,2.0,63.199999999999996,1.0,6.97700023651123
Israel,WesternAsia,17.9,104.39999999999999,105.1,16.1,27.9,100.0,100.0,99.99999999999999,99.99999999999999,80.0,83.7,54.6,75.5,102.0,103.00000000000001,3.4,37129.4,1.0,81.0,78.9,3.0,92.1,1.3,7.21299982070923
Italy,SouthernEurope,27.100000000000005,101.4,100.6,29.4,13.5,99.6,99.5,99.99999999999999,99.99999999999999,79.9,84.7,53.2,72.2,104.10000000000001,101.69999999999999,3.0000000000000004,30462.4,3.4999999999999996,69.4,65.6,1.4,69.0,2.2,5.96400022506714
Jamaica,Caribbean,15.3,107.17058823529412,104.79999999999998,13.6,22.7,84.1,79.9,89.4,97.5,73.09999999999998,77.9,20.1,34.6,79.2,85.1,14.999999999999998,5105.8,17.9,66.8,43.2,2.1,54.8,7.1,5.31099987030029
Japan,EasternAsia,26.500000000000004,101.3,101.2,33.4,12.9,100.0,100.0,99.99999999999999,99.99999999999999,80.0,86.4,65.7,60.9,101.6,101.9,2.2,34628.7,3.7000000000000006,69.8,93.3,1.4,93.50000000000001,1.2,5.920000076293951
Jordan,WesternAsia,17.8,97.1,97.60000000000001,5.7,35.5,98.9,98.59999999999998,92.3,97.8,72.2,75.5,42.5,47.3,80.2,84.8,17.1,4940.1,2.0,80.2,53.39999999999999,3.6000000000000005,83.7,4.0,5.33599996566772
Kazakhstan,CentralAsia,20.4,108.8,109.1,11.1,27.9,98.1,96.99999999999999,85.6,99.4,64.3,73.9,41.4,51.3,110.6,113.5,14.1,10312.1,18.1,61.6,72.9,2.7,53.20000000000001,5.0,5.81899976730347
Kenya,EasternAfrica,8.6,109.3,108.7,4.3,40.49999999999999,29.7,31.2,56.8,81.6,63.0,67.8,16.900000000000002,13.600000000000001,46.188235294117646,40.81176470588235,39.4,1376.7,61.9,29.5,45.6,4.1,25.6,32.0,4.55299997329712
Kuwait,WesternAsia,27.299999999999997,102.4,103.0,4.9,21.099999999999998,100.0,100.0,99.0,99.0,73.5,75.5,20.4,33.1,88.2,102.7,8.4,29303.9,2.6,70.1,82.1,2.0,98.3,0.6,6.10500001907349
Kyrgyzstan,CentralAsia,21.0,107.90000000000002,106.8,7.6,31.8,95.6,89.1,86.2,96.7,66.4,74.3,40.8,53.29999999999999,91.4,92.8,19.6,1106.4,29.2,49.8,30.2,3.1,35.699999999999996,15.4,5.00400018692017
Latvia,NorthernEurope,23.0,100.09999999999998,99.20000000000002,26.2,15.4,81.5,90.8,98.3,99.8,68.8,78.70000000000002,55.5,79.2,119.9,119.1,6.5,13704.1,7.3,69.7,79.2,1.5,67.4,3.2,5.84999990463257
Lebanon,WesternAsia,22.4,96.59999999999998,88.3,12.0,23.1,80.7,80.7,99.0,99.0,77.3,80.89999999999999,39.5,45.7,61.50000000000001,61.0,9.2,8571.4,8.2,69.4,74.0,1.7,87.8,3.2,5.22499990463257
Lesotho,SouthernAfrica,20.0,107.00000000000001,104.0,6.7,35.4,27.600000000000005,37.3,77.0,94.6,50.1,54.7,8.0,11.7,45.7,61.99999999999999,59.800000000000004,940.6000000000001,39.7,40.3,16.1,3.3,27.3,7.7,3.80800008773804
Liberia,WesternAfrica,11.7,98.5,89.1,4.9,41.8,5.9,28.0,62.599999999999994,88.6,59.8,61.6,14.2,9.0,41.900000000000006,32.5,58.99999999999999,455.9,45.3,43.0,5.9,4.8,49.7,70.8,3.53299999237061
Libya,NorthernAfrica,25.1,108.86470588235294,106.41764705882352,6.6,28.2,95.7,96.8,81.66470588235293,91.42941176470589,68.8,74.4,48.294117647058826,53.711764705882345,83.38823529411764,86.0764705882353,24.299999999999997,5488.2,19.1,55.8,19.0,2.4,78.6,0.9,5.52500009536743
Lithuania,NorthernEurope,24.5,103.2,103.7,25.3,14.8,82.8,97.20000000000002,90.4,99.7,68.5,79.3,55.8,82.0,110.3,106.1,4.4,14383.7,8.7,66.8,71.4,1.6,66.5,3.6,5.90199995040894
Luxembourg,WesternEurope,10.2,96.9,97.30000000000001,19.6,16.4,98.5,97.50000000000001,99.99999999999999,99.99999999999999,78.8,83.4,18.2,20.7,101.1,103.49999999999999,3.4,100160.8,1.3,88.5,97.3,1.5,90.2,0.2,6.86299991607666
Madagascar,EasternAfrica,9.4,148.9,148.9,4.8,41.0,8.7,18.0,35.3,81.6,63.0,66.0,5.0,4.6,38.8,38.1,36.8,401.8,74.2,16.5,4.2,4.4,35.1,24.899999999999995,3.64400005340576
Malawi,EasternAfrica,4.8,144.0,147.0,4.3,44.0,39.8,47.3,89.1,95.7,58.2,63.1,1.0,0.6,45.79999999999999,41.0,66.5,372.9,69.9,25.4,9.3,4.900000000000001,16.3,26.1,3.97000002861023
Malaysia,South-easternAsia,27.299999999999997,101.70000000000002,101.9,9.7,24.3,95.9,96.1,93.0,99.99999999999999,72.6,77.1,20.8,31.800000000000004,74.6,80.7,6.5,9768.4,11.8,60.9,71.1,2.1,74.7,8.6,6.08400011062622
Mali,WesternAfrica,14.7,79.3,72.1,4.0,47.7,16.1,37.49999999999999,64.1,96.5,55.6,56.9,9.6,4.1,45.6,36.8,78.5,744.2999999999998,56.699999999999996,28.599999999999994,10.3,6.4,39.9,39.9,4.19000005722046
Malta,SouthernEurope,20.9,102.2,104.70000000000002,26.1,14.400000000000002,100.0,100.0,99.99999999999999,99.99999999999999,78.6,82.00000000000001,40.3,55.199999999999996,91.7,98.10000000000001,4.799999999999999,23280.7,1.2,77.9,76.2,1.4,95.4,1.4,6.52699995040894
Mauritania,WesternAfrica,9.5,100.00000000000001,105.00000000000001,5.0,39.9,13.800000000000002,57.5,57.1,58.400000000000006,61.2,64.1,7.1,3.6,31.700000000000003,29.499999999999996,68.0,1235.0,40.3,50.20000000000001,15.2,4.900000000000001,59.900000000000006,20.9,4.29199981689453
Mauritius,EasternAfrica,25.2,102.2,103.89999999999999,16.6,18.4,92.6,93.9,99.8,99.9,70.7,77.7,31.7,41.7,93.6,97.9,12.000000000000002,9040.9,7.3,67.5,50.10000000000001,1.5,39.7,2.9,5.62900018692017
Mexico,CentralAmerica,25.2,103.60000000000001,103.2,10.1,26.700000000000003,74.5,88.0,92.1,97.20000000000002,74.0,78.9,29.9,30.000000000000004,87.7,93.5,18.8,8980.9,13.4,61.3,57.4,2.3,79.2,3.6,6.57800006866455
Mongolia,EasternAsia,20.7,101.80000000000001,100.0,6.6,29.7,42.6,66.4,59.2,66.4,64.5,72.7,57.7,79.7,90.5,92.4,22.8,3973.4,28.4,51.0,21.4,2.8,72.0,14.8,4.954999923706051
Montenegro,SouthernEurope,17.3,95.2,93.3,21.3,18.1,92.2,98.00000000000001,99.20000000000002,99.99999999999999,74.0,78.8,74.50588235294119,84.59411764705882,90.4,90.30000000000001,4.1,6424.099999999999,7.5,75.2,64.6,1.7,64.0,9.8,5.23699998855591
Morocco,NorthernAfrica,20.7,117.70000000000002,111.6,10.7,27.4,65.5,84.1,65.3,98.7,73.7,76.0,28.7,27.5,74.4,63.5,28.100000000000005,2919.3,32.6,46.800000000000004,57.1,2.6,60.20000000000001,13.7,5.2350001335144
Mozambique,EasternAfrica,4.1,110.4,101.2,4.8,44.8,10.1,42.4,37.0,80.6,54.0,58.1,7.4,5.4,33.8,31.1,67.3,529.2,75.0,21.0,9.0,5.400000000000001,32.199999999999996,24.6,4.55000019073486
Myanmar,South-easternAsia,14.6,100.99999999999999,98.3,9.4,26.8,77.1,84.3,74.4,92.7,63.7,68.3,12.1,14.9,50.599999999999994,52.0,45.0,1161.5,23.6,61.70000000000001,21.8,2.3,34.1,26.7,4.54500007629395
Namibia,SouthernAfrica,14.6,113.30000000000001,109.5,5.5,36.7,16.8,54.50000000000001,84.6,98.2,59.1,64.3,29.423529411764704,29.752941176470582,68.04117647058824,68.43529411764706,36.4,4673.6,29.1,56.3,22.3,3.6000000000000005,46.7,6.6000000000000005,4.57399988174438
Nepal,SouthernAsia,10.9,130.7,141.2,8.8,30.9,43.5,56.0,91.8,90.89999999999999,67.4,70.4,14.8,15.1,67.1,72.2,32.8,724.5,72.6,16.5,17.6,2.3,18.6,31.8,4.961999893188481
Netherlands,WesternEurope,15.9,105.0,104.40000000000002,25.0,16.4,99.9,97.50000000000001,99.99999999999999,99.99999999999999,79.4,83.10000000000001,74.7,82.5,134.7,136.3,3.5,44332.1,2.2,81.9,93.1,1.7,90.5,1.8,7.3769998550414995
New Zealand,Oceania,21.4,99.6,99.1,20.8,19.8,96.55882352941177,97.58235294117648,99.99999999999999,99.99999999999999,79.5,83.10000000000001,71.6,96.7,113.4,119.89999999999999,4.4,38294.3,5.9,72.6,88.2,2.0,86.3,6.5,7.31400012969971
Nicaragua,CentralAmerica,14.5,106.97647058823532,104.21176470588235,8.4,29.000000000000004,55.699999999999996,76.5,69.4,99.3,71.4,77.5,46.16470588235293,53.54705882352942,81.33529411764707,84.21176470588235,20.0,2086.9,24.1,61.400000000000006,19.7,2.3,58.8,18.8,6.07100009918213
Niger,WesternAfrica,14.399999999999999,77.9,66.8,4.2,50.199999999999996,4.6,37.89999999999999,48.6,99.99999999999999,57.599999999999994,59.5,2.6,0.9,24.2,17.2,65.8,359.0,62.29999999999999,23.3,2.2,7.4,18.7,39.6,4.02799987792969
Nigeria,WesternAfrica,14.7,94.5,92.8,4.5,44.0,25.399999999999995,32.79999999999999,57.29999999999999,80.8,51.2,52.6,11.8,8.3,57.80000000000001,53.5,76.3,2714.5,27.899999999999995,57.4,47.4,5.7,47.8,20.9,5.07399988174438
Norway,NorthernEurope,20.2,100.5,100.3,22.3,17.8,98.3,98.00000000000001,99.99999999999999,99.99999999999999,79.5,83.6,62.8,91.5,114.69999999999999,111.1,2.4,74185.5,2.2,77.6,96.8,1.8000000000000003,80.5,1.8,7.53700017929077
Pakistan,SouthernAsia,19.8,99.7,85.2,6.7,34.8,51.10000000000001,83.1,89.9,93.9,65.0,66.8,10.6,9.2,49.5,39.2,69.8,1410.4,42.1,38.099999999999994,18.0,3.7,38.8,25.5,5.26900005340576
Panama,CentralAmerica,19.6,103.50000000000001,100.9,11.4,27.4,58.0,83.5,88.6,97.7,74.3,80.5,31.2,46.5,72.9,78.3,15.199999999999998,13268.099999999999,14.5,65.9,51.2,2.6,66.6,2.8,6.4520001411438
Paraguay,SouthAmerica,19.5,107.6,104.3,9.4,29.400000000000002,78.4,95.5,94.9,99.99999999999999,70.7,74.9,40.12941176470588,46.37647058823529,74.20000000000002,79.1,28.800000000000004,4174.4,19.6,61.0,44.4,2.6,59.699999999999996,19.000000000000004,5.49300003051758
Peru,SouthAmerica,17.3,101.70000000000002,101.69999999999999,10.4,27.4,53.20000000000001,82.5,69.2,91.4,71.5,76.8,54.694117647058825,61.71764705882353,95.7,95.8,18.6,6069.1,24.4,58.29999999999999,40.9,2.5,78.6,7.6,5.71500015258789
Philippines,South-easternAsia,16.3,116.8,116.9,7.6,31.7,70.8,77.9,90.3,93.70000000000002,65.4,72.1,31.4,40.3,84.4,92.69999999999999,22.2,2904.2,27.7,56.1,40.7,3.0,44.4,10.5,5.42999982833862
Poland,EasternEurope,29.6,100.5,100.7,24.0,14.8,96.7,97.50000000000001,96.9,99.3,72.9,81.0,54.2,82.6,110.0,106.1,4.5,12355.5,10.9,59.5,68.0,1.3,60.5,2.6,5.97300004959106
Portugal,SouthernEurope,23.8,109.4,105.30000000000001,27.9,13.6,99.8,99.60000000000001,99.99999999999999,99.99999999999999,77.3,83.5,58.0,65.7,120.99999999999999,117.3,2.9,19239.2,8.0,68.2,68.6,1.3,63.5,2.3,5.19500017166138
Qatar,WesternAsia,54.1,102.4,103.6,2.8,13.9,98.00000000000001,98.00000000000001,99.99999999999999,99.99999999999999,76.8,79.4,6.3,43.9,82.0,103.6,7.200000000000001,73653.4,1.2,44.699999999999996,92.9,2.0,99.2,0.2,6.375
South Korea,EasternAsia,24.7,99.3,98.69999999999999,20.1,13.5,100.0,100.0,87.9,99.7,77.9,84.40000000000002,104.8,80.2,99.29999999999998,98.4,3.0000000000000004,27396.700000000004,5.0,70.3,89.9,1.2,82.5,2.3,5.837999820709229
Moldova,EasternEurope,30.900000000000002,92.89999999999999,91.9,17.6,15.7,67.1,87.8,81.4,96.9,66.7,75.19999999999999,35.3,47.4,85.8,86.5,14.300000000000002,1591.3999999999999,28.800000000000004,40.3,49.8,1.3,44.99999999999999,13.4,5.837999820709229
Romania,EasternEurope,27.7,90.5,89.0,24.9,15.3,63.3,92.2,99.99999999999999,99.99999999999999,71.4,78.4,47.8,58.99999999999999,92.49999999999999,91.99999999999999,8.7,9120.7,25.5,46.800000000000004,55.8,1.5,54.6,4.8,5.824999809265141
Russia,EasternEurope,27.100000000000005,100.09999999999998,100.9,21.1,17.6,58.7,77.0,91.2,98.9,64.7,75.9,72.9,88.3,105.50000000000001,103.4,8.3,9243.3,6.799999999999999,66.1,73.4,1.7,74.0,4.7,5.96299982070923
Rwanda,EasternAfrica,7.199999999999999,131.7,133.4,4.9,40.099999999999994,62.89999999999999,58.5,71.9,86.6,63.1,67.1,9.1,6.8999999999999995,35.2,38.2,44.0,697.3,75.0,17.8,18.0,4.2,28.800000000000004,34.6,3.47099995613098
Saudi Arabia,WesternAsia,22.7,107.90000000000002,111.10000000000001,5.6,25.2,100.0,100.0,97.0,97.0,72.7,75.6,64.4,61.79999999999999,122.6,93.7,13.0,20710.6,5.9,71.4,69.6,2.7,83.1,2.3,6.3439998626709
Senegal,WesternAfrica,20.7,77.6,86.9,4.7,42.9,33.8,65.4,67.3,92.89999999999999,63.8,67.5,12.9,7.8,50.2,49.10000000000001,43.9,901.1000000000001,51.39999999999999,27.9,21.7,5.0,43.7,15.5,4.53499984741211
Serbia,SouthernEurope,24.5,101.5,101.2,24.5,16.5,94.2,98.2,98.9,99.4,71.8,77.5,50.2,66.9,96.0,97.4,9.8,5238.6,19.4,56.1,65.3,1.6,55.6,8.2,5.39499998092651
Sierra Leone,WesternAfrica,6.5,127.0,128.2,4.2,42.1,6.900000000000001,22.800000000000004,47.8,84.9,49.6,50.7,17.55294117647059,10.641176470588237,46.49999999999999,40.1,94.4,694.8,68.0,25.5,2.5,4.8,39.9,51.4,4.70900011062622
Singapore,South-easternAsia,17.0,104.77647058823528,105.27647058823528,19.5,15.0,97.61764705882354,100.0,99.04705882352941,99.99999999999999,80.1,84.5,99.7235294117647,114.07647058823527,126.57647058823527,130.64117647058822,2.1,52239.0,0.3,82.6,82.1,1.2,100.0,0.0,6.57200002670288
Slovakia,EasternEurope,34.5,100.2,99.20000000000002,21.8,15.4,98.20000000000002,99.4,99.99999999999999,99.99999999999999,72.6,79.8,41.8,64.6,92.1,92.8,5.699999999999999,16082.500000000002,3.2999999999999994,62.2,85.0,1.4,53.599999999999994,3.7,6.09800004959106
Slovenia,SouthernEurope,29.6,99.2,99.4,26.3,15.0,99.09999999999998,99.10000000000001,99.4,99.7,77.2,83.2,68.2,98.5,110.8,110.5,2.5,20689.8,8.9,61.5,73.1,1.6,49.7,2.4,5.75799989700317
Somalia,EasternAfrica,4.8,103.56470588235294,93.70588235294117,4.4,46.4,6.300000000000001,52.0,8.8,69.6,53.3,56.5,18.22941176470588,11.476470588235294,39.85882352941177,29.34705882352941,79.5,144.5,72.0,23.2,1.8,6.6,39.599999999999994,60.2,5.151000022888181
South Africa,SouthernAfrica,26.2,102.2,97.30000000000001,8.4,29.000000000000004,60.5,69.6,81.4,99.6,56.1,63.0,15.7,23.3,88.0,111.5,36.5,5773.0,6.1,67.7,51.9,2.6,64.8,2.4,4.8289999961853
South Sudan,EasternAfrica,10.788235294117646,74.9,53.1,5.1,41.7,4.5,16.4,56.900000000000006,66.7,54.10000000000001,56.0,13.505882352941176,9.741176470588236,12.3,6.6,77.7,1067.0,60.06470588235293,29.152941176470588,17.9,5.200000000000001,18.8,4.6,3.5910000801086404
Spain,SouthernEurope,19.2,104.49999999999999,105.60000000000001,25.3,14.700000000000001,100.0,99.8,99.99999999999999,99.99999999999999,79.6,85.30000000000001,82.5,97.1,130.0,129.6,2.9,25865.400000000005,3.9,76.8,78.7,1.3,79.6,2.6,6.402999877929691
Sri Lanka,SouthernAsia,25.9,102.69999999999999,100.6,14.9,24.000000000000004,96.7,88.1,95.0,98.5,71.2,78.0,15.6,24.0,97.5,102.0,8.2,3973.7,27.4,46.6,30.0,2.1,18.4,8.7,4.44000005722046
Palestinian Territories,WesternAsia,29.8,94.4,94.3,4.6,39.6,90.2,93.0,81.5,50.7,71.1,74.8,34.5,54.4,79.2,87.0,20.0,2715.5,8.7,61.5,57.4,4.2,75.3,4.8,4.77500009536743
Sudan,NorthernAfrica,20.4,74.1,66.6,5.5,40.8,28.78235294117647,42.69411764705882,42.5,63.57058823529412,62.1,65.1,15.8,16.8,43.9,41.5,48.7,1976.9999999999998,32.9,46.7,26.6,4.8,33.8,32.4,4.13899993896484
Sweden,NorthernEurope,18.2,120.59999999999998,125.6,25.5,17.5,99.6,99.2,99.99999999999999,99.99999999999999,80.0,83.7,49.6,75.7,131.5,150.0,2.4,50687.5,1.8000000000000003,79.9,90.6,1.8999999999999997,85.8,1.3,7.283999919891359
Switzerland,WesternEurope,20.4,104.1,103.8,24.1,14.9,99.8,99.9,99.99999999999999,99.99999999999999,80.5,84.8,56.9,58.49999999999999,103.0,99.40000000000002,3.9,80831.1,3.4999999999999996,76.1,88.0,1.5,73.9,0.7,7.49399995803833
Syria,WesternAsia,39.2,81.4,78.7,6.8,36.6,95.1,96.19999999999999,87.2,92.3,64.4,76.29999999999998,41.3,47.0,50.5,50.5,17.9,1534.5,18.5,42.29999999999999,30.0,3.1,57.7,20.7,3.46199989318848
Tajikistan,CentralAsia,13.4,99.8,101.2,5.8,35.3,95.5,93.8,66.7,93.1,67.7,73.5,33.6,24.0,92.49999999999999,83.1,38.9,925.9,57.2,29.399999999999995,19.0,3.4999999999999996,26.799999999999997,25.0,5.04099988937378
Thailand,South-easternAsia,22.7,106.1,99.20000000000002,16.9,17.3,96.1,89.9,98.0,97.6,70.8,78.4,40.5,57.3,132.6,125.30000000000001,11.2,5814.8,34.0,43.300000000000004,39.3,1.5,50.4,9.099999999999998,6.4239997863769505
Macedonia,SouthernEurope,29.2,93.6,92.8,19.5,16.7,82.6,97.20000000000002,98.9,99.8,73.2,77.2,37.5,46.8,80.3,78.2,9.0,4836.1,16.2,54.5,70.4,1.5,57.099999999999994,12.0,5.17500019073486
Togo,WesternAfrica,8.7,125.09999999999998,118.50000000000001,4.6,41.6,2.9,24.700000000000003,44.2,91.4,58.300000000000004,59.8,14.9,6.4,47.635294117647064,38.21176470588235,55.7,559.4,62.49999999999999,28.7,7.099999999999999,4.7,40.0,45.7,3.49499988555908
Trinidad and Tobago,Caribbean,31.599999999999998,102.25882352941176,101.25882352941177,15.0,20.7,91.5,91.49999999999999,95.1,95.1,66.9,73.8,47.923529411764704,60.30588235294118,96.77647058823528,97.75882352941179,24.8,19062.9,4.1,64.3,69.2,1.8000000000000003,8.4,0.5,6.16800022125244
Tunisia,NorthernAfrica,29.4,115.8,112.5,12.3,24.000000000000004,79.8,97.4,93.2,99.99999999999999,73.0,77.1,26.2,43.3,90.0,94.2,18.5,3660.9000000000005,11.7,58.9,48.5,2.3,66.8,10.3,4.80499982833862
Turkey,WesternAsia,27.5,102.79999999999998,102.1,12.0,25.0,85.5,98.30000000000001,99.99999999999999,99.99999999999999,71.5,78.1,101.0,88.3,103.8,101.10000000000001,12.599999999999998,9125.8,19.6,52.9,53.7,2.1,73.4,8.6,5.5
Turkmenistan,CentralAsia,37.4,90.1,88.6,7.3,30.9,63.84705882352941,71.0294117647059,72.55294117647058,87.42941176470588,63.9,70.8,9.7,6.2,86.9,83.7,46.9,6996.699999999999,17.9,44.699999999999996,15.0,3.0,50.0,13.4,5.82200002670288
Uganda,EasternAfrica,7.4,108.89999999999999,110.9,3.3,47.7,17.3,28.499999999999996,75.8,95.5,56.5,60.7,5.4,4.2,24.3,22.1,60.2,647.7,72.0,20.5,19.2,5.9,16.1,25.6,4.08099985122681
Ukraine,EasternEurope,24.6,102.79999999999998,105.1,23.2,15.5,92.6,97.4,97.8,95.5,66.1,76.0,76.5,88.4,100.20000000000002,98.20000000000002,8.8,2021.6,15.7,59.7,49.3,1.5,69.7,14.0,4.09600019454956
United Arab Emirates,WesternAsia,21.1,116.7,116.00000000000001,2.4,13.9,95.2,98.00000000000001,99.99999999999999,99.6,76.0,78.2,73.21176470588235,84.03529411764706,104.64705882352942,104.55294117647057,6.2,40438.8,3.4999999999999996,75.4,91.2,1.8000000000000003,85.5,0.7,6.64799976348877
United Kingdom,NorthernEurope,18.4,108.4,108.09999999999998,23.9,17.7,99.6,99.10000000000001,99.99999999999999,99.99999999999999,79.0,82.8,49.0,64.1,125.3,130.4,4.1,44162.4,1.2,80.4,92.0,1.8999999999999997,82.6,0.7,6.71400022506714
Tanzania,EasternAfrica,6.4,80.5,82.9,4.7,44.9,8.3,31.300000000000004,45.5,77.2,60.8,64.8,4.9,2.5,33.7,30.8,44.0,877.3,66.9,26.700000000000003,5.400000000000001,5.200000000000001,31.599999999999998,31.1,3.3489999771118195
United States,NorthernAmerica,17.2,100.3,100.0,21.5,18.9,100.0,100.0,98.2,99.4,76.5,81.2,72.8,99.6,96.7,98.5,6.000000000000001,56053.799999999996,1.5,81.3,74.6,1.8999999999999997,81.6,1.0,6.993000030517579
Uruguay,SouthAmerica,20.5,109.80000000000001,107.3,19.5,21.099999999999998,92.6,96.6,93.9,99.99999999999999,73.2,80.4,68.71176470588236,79.9,90.3,100.00000000000001,12.699999999999998,15573.8,8.7,70.8,64.6,2.0,95.30000000000001,6.8,6.4539999961853
Uzbekistan,CentralAsia,23.9,105.6,103.2,7.6,28.0,100.0,100.0,80.9,98.5,68.1,73.5,11.0,7.1,96.8,95.10000000000001,31.3,2308.3,29.0,47.10000000000001,42.8,2.4,36.4,19.2,5.97100019454956
Venezuela,SouthAmerica,26.8,101.3,98.6,9.9,27.6,69.9,97.50000000000001,77.9,95.0,69.9,78.2,58.65294117647059,65.7529411764706,86.5,93.0,13.8,11068.9,11.9,61.3,61.9,2.4,89.0,5.300000000000001,5.250000000000001
Vietnam,South-easternAsia,22.9,109.3,108.4,11.1,23.1,69.7,94.4,96.9,99.10000000000001,70.7,80.3,28.8,28.9,91.36470588235295,92.38235294117646,19.3,2067.9,41.8,35.199999999999996,52.70000000000001,2.0,33.6,18.9,5.07399988174438
Yemen,WesternAsia,17.9,105.7,88.9,4.6,39.9,34.1,92.50000000000001,46.5,72.0,62.8,65.6,13.7,6.1,57.400000000000006,39.5,47.2,1106.4,32.9,49.199999999999996,25.1,4.4,34.6,14.700000000000001,3.5929999351501496
Zambia,EasternAfrica,9.9,103.3,104.0,3.7,44.8,35.7,55.6,51.29999999999999,85.6,57.5,61.9,4.5,3.4,46.24117647058823,38.96470588235294,53.8,1311.1,54.8,35.29999999999999,21.0,5.200000000000001,40.9,8.2,4.51399993896484
Zimbabwe,EasternAfrica,7.3,100.8,99.1,4.2,41.2,30.799999999999997,49.29999999999999,67.3,97.0,56.1,59.00000000000001,8.9,8.0,48.1,47.1,46.5,890.4000000000001,67.5,25.2,16.4,4.0,32.4,13.0,3.875
